,,2021-02-13 17:32:30,Mambo vp
,,2021-02-13 17:33:17,Sijajua
,,2021-02-13 17:33:28,Sijawai enda
,,2021-02-14 11:16:18,ğŸ™ŒğŸ¾
,,2021-02-16 19:23:13,Sijambo mzima
,,2021-02-16 22:00:01, 2021-02-16 21:59:08: Â« Poa tuo ukua bgi Â»"
,,2021-02-16 22:02:08,Umeniona wap tenağŸ˜‚
,,2021-02-16 22:03:26,Ni kweli wanao pia watakuwa wamekuwa sana
,,2021-02-16 22:08:10,Nko mwenge
,,2021-03-07 21:21:29,ğŸ˜‚
,,2021-03-07 22:02:11,Aamen
,,2021-03-24 22:36:35,Una insta 360
,,2021-03-27 16:43:30,ğŸ˜‚
,,2021-02-22 22:20:28,Boss
,,2021-02-22 23:58:31,Mabaya
,,2021-02-22 23:58:36,Niwezeshe mkuu
,,2021-02-22 23:59:55,Hali tetee
,,2021-02-23 00:02:09,ğŸ˜’
,,2021-02-23 00:02:13,Plz
,,2021-02-23 00:12:09, 2021-02-23 00:03:30: Â« saiv sipo job tena
,,2021-02-23 00:17:22,Ooh
,,2021-02-23 00:17:25,Aisee
,,2021-03-05 10:19:49,ğŸ˜‚
,,2021-03-11 21:10:03,Wakishua
,,2021-03-11 21:10:33,Kumbe wew bado toto dogo umri huo upo kwenye pcha za rangi?
,,2021-03-11 21:54:40,How old r u
,,2021-03-11 21:55:27,Acha basi
,,2021-03-11 21:57:07,No
,,2021-03-11 21:57:17,Kuwa mkweli
,,2021-03-11 21:59:02,You deleted this message
,,2021-03-11 22:00:32,I donâ€™t trust you
,,2021-03-11 22:01:46,Proof
,,2021-03-11 22:24:02,Huwez kukosa
,,2021-03-11 22:24:27,Eeh
,,2021-03-11 22:35:55,Kweli
,,2021-03-28 11:09:12,Mambo
,,2021-03-28 11:09:32,Boss nifanyie mpango wa kile kiasi nashida sana na pesa
,,2021-03-28 12:18:43,Dah unaniangusha sana groria
,,2021-03-28 13:39:14,Sawa bana
,,2021-03-28 14:01:27,When
,,2021-04-21 18:02:43,0712378850
,,2021-04-23 12:42:08,Ume rush sana bado hazijaisha izi pcha lakini sio kesi
,,2021-04-23 12:42:17,Ngoja ntafute mtu amalizie
,,2021-03-14 23:16:55,Mambo vp
,,2021-03-15 10:46:55,Safi Nambie
,,2021-03-15 11:45:49,Tenga boooy
,,2021-03-15 13:39:54,WACHA KUPIGA KELELE NJOO MJINI DOGO
,,2021-03-15 17:02:32,mishe aziji zinatafutwa kijana
,,2021-04-30 03:19:46,Goood
,,2021-04-30 09:09:43,Kwema vp
,,2021-04-30 09:22:06,Ngumu kinoma
,,2021-04-01 11:05:50,Shukrani usijari karibuni
,,2021-04-01 11:25:08,ğŸ˜‚ğŸ™ğŸ¾ğŸ™ğŸ¾
,,2021-04-01 15:25:27,Shukrani ğŸ™ğŸ¾
,,2021-03-10 23:28:35,UtakomaaağŸ˜‚
,,2021-03-13 22:30:59,Bwana bwanaaa
,,2021-03-24 02:05:11,https://twitter.com/hilmihilal88/status/1374322613414158341?s=21
,,2021-05-01 02:05:37,Hakikaa
,,2021-02-14 22:27:58,Wap
,,2021-02-14 22:28:00,Mbeya
,,2021-02-14 22:29:33,Karibu sana
,,2021-02-14 22:30:09,Hata kwanguğŸ˜‚
,,2021-02-14 22:37:46,Leo au
,,2021-02-15 02:14:15,Ayaa
,,2021-02-15 11:20:47,Pow vp
,,2021-04-25 10:59:30,â™¥ï¸â™¥ï¸â™¥ï¸
,,2021-04-25 14:15:47,Upo kweli
,,2021-04-30 02:58:07,There she is
,,2021-04-30 09:53:52,Umeenda kuolewa nn
,,2021-04-30 10:52:54,ğŸ˜…ğŸ˜…
,,2021-05-07 11:52:08,Max sina aisee
,,2021-04-30 03:21:19,Jamaniiii
,,2021-05-21 15:40:39,Hellow
,,2021-05-21 15:41:05,How much ps4 pro 1tb
,,2021-05-31 00:40:28,Kisese
,,2021-05-31 01:04:03,ğŸ˜…
,,2021-05-28 02:51:36,You
,,2021-05-29 00:59:11,Happy
,,2021-05-29 00:59:28,Nko dubai video call haziingii mama
,,2021-05-29 00:59:37,Pole sana umeibiwa lini
,,2021-05-29 09:01:55, 2021-05-29 00:59:28: Â« Nko dubai video call haziingii mama Â»"
,,2021-06-05 19:33:39,Hey
,,2021-06-05 19:33:50,Nko busy now
,,2021-06-05 19:34:16,Nenda
,,2021-06-05 19:34:44,Ok
,,2021-06-05 19:34:47,Tayari
,,2021-06-06 00:22:08,Okey good
,,2021-06-06 00:22:29,Nakuwa sikuelew siwez kujibu coz cjui km ni wew au mwenye cm
,,2021-06-06 11:04:31,Yes
,,2021-06-06 11:04:35,Umefika
,,2021-06-06 11:06:14,Yan happy unpnda kitu kimoja tuongee mara elfu moja
,,2021-06-06 11:06:25, 2021-06-05 19:34:47: Â« Tayari Â»"
,,2021-06-06 11:06:52,Zikiisha usije nlaumu
,,2021-05-31 00:49:18,Happy utapta usijari
,,2021-05-31 13:14:25,Untk iphone au
,,2021-06-30 13:15:34,Nlikupgia sana cm hukupokea
,,2021-06-30 13:16:12,Nlipiga mara nyingi
,,2021-07-18 00:34:33,Weeeh
,,2021-05-20 17:39:46,Zipo
,,2021-05-20 17:39:57,Ila sio namba hii sio ya ofisini boss
,,2021-07-20 15:46:28,Chek namba ya ofisini
,,2021-04-25 23:35:43,Duh pretty boy tena haijakaa sawa mzee
,,2021-02-13 22:14:07,Woi
,,2021-02-14 16:32:32, 2021-02-13 22:55:13: Â« Naweza pata charger ya T8! Â»"
,,2021-07-15 20:20:08,Lete
,,2021-08-24 18:54:50,Boss namba hii sio ya kazi aisee
,,2021-08-25 02:16:54,0712378850
,,2021-08-26 00:48:51,ğŸ˜…
,,2021-04-24 21:19:44,Izo mama
,,2021-08-28 10:39:45,Mambo
,,2021-08-28 10:39:56,I think ni 35
,,2021-08-28 10:40:14,Ila u can call 0712378850 uulize pale shop
,,2021-08-28 10:40:24,Upo lakini
,,2021-03-11 19:54:09,Yo
,,2021-08-31 18:50:56,Hi
,,2021-03-04 13:31:24,Inakuje
,,2021-03-04 13:31:58,Gari yangu imekamatwa nahitaji reseni hiyo
,,2021-03-04 13:32:30,Nko maeneo yaleyale
,,2021-03-04 13:41:27,Io ela sina
,,2021-05-20 17:37:16,Shukrani sana
,,2021-09-11 19:15:05,Hii si namba ya kazi mkuu
,,2021-09-11 19:15:12,Nchek namba ingine
,,2021-09-15 22:33:22,Bro
,,2021-09-15 22:33:58,Nahitaji passward haraka
,,2021-09-15 22:34:04,Hii simu
,,2021-09-15 22:34:13,Hupokei cm
,,2021-09-15 22:34:30, 2021-09-15 22:33:58: Â« Nahitaji passward haraka Â»"
,,2021-09-15 22:34:45,Coz wanataka ku reset
,,2021-09-15 22:37:47,Yo
,,2021-09-15 22:39:14,Angalia tena text
,,2021-09-15 22:42:44,Passward inagoma
,,2021-09-16 00:09:29,Okey
,,2021-09-17 14:09:10,Sawa
,,2021-09-17 14:09:19,Unaweza
,,2021-09-17 19:57:49,You deleted this message
,,2021-04-24 21:18:39,âœŠğŸ½ğŸ‘ğŸ¾
,,2021-06-29 20:06:22,Your welcome ğŸ˜…
,,2021-06-30 22:38:58,Zko njiani kaka
,,2021-09-21 14:40:07,Chiiiii
,,2021-09-21 17:24:49,"LOCATION: Ofisi yetu mpya ya @inauzwa yenye jina la #THEMEGAONE inapatikana Njia ya mlimani city na mwenge
,,2021-09-21 18:53:41,Kuanzia saa 4 asubuhi mapaka saa 4 usiku
,,2021-07-05 12:56:52,ğŸ˜…
,,2021-09-21 14:40:24,ğŸ”¥ğŸ”¥ğŸ”¥ğŸ”¥
,,2021-09-21 23:46:27,ğŸ˜…ğŸ˜…ğŸ˜…
,,2021-10-01 02:54:23,This is UI not app
,,2021-09-19 15:35:51,Bro how r you
,,2021-09-19 15:36:19,Can you send me location to the partition
,,2021-09-19 15:36:31,I want to come and see
,,2021-09-20 19:39:26,House number
,,2021-09-20 19:39:29,Or name
,,2021-09-20 19:39:38,And which floor
,,2021-09-20 19:39:59,Because I donâ€™t have credit now so i will not be able to call
,,2021-09-21 15:07:03,Hi bro
,,2021-09-22 14:50:35,Broo sorry but i have to cancel that room because I didnâ€™t find money now so I will stay here for the next month
,,2021-09-22 14:51:19,Sorry for bothering i will come to take 150 then 50 u can keep
,,2021-09-23 10:07:10,Okey no problem i think i have to move no matter what
,,2021-09-23 21:20:34,When i have to come?
,,2021-09-23 21:20:37,Tell me
,,2021-10-02 11:49:01,Bro how r u
,,2021-10-02 11:49:09,Am coming today
,,2021-10-02 11:49:21,Sorry i had no time before
,,2021-10-02 16:43:46,Bro ur not replying text
,,2021-10-07 17:03:40,Boss
,,2021-10-07 17:03:52,How r u
,,2021-03-13 12:16:31,Ben mambo vp
,,2021-03-13 14:58:41,Powa
,,2021-03-15 11:37:29,Unaweza nionyesha ni ipi na ipi kwenye pcha
,,2021-03-15 11:45:39,Okey
,,2021-03-15 11:46:24,Jumatano nadhani ntapata kiasi cha pesa tuanze jumatano mapema
,,2021-03-15 11:46:39,Okey
,,2021-03-15 11:52:15,I will appreciate
,,2021-03-17 12:01:41,Sawa
,,2021-03-17 17:55:42,Hamna hapaa
,,2021-03-19 11:17:41,Hizi mbao zina dawa au za kawaida
,,2021-03-19 11:29:54,Sawa
,,2021-03-19 11:30:02,Lini tunanunua
,,2021-03-19 12:07:40,Mbao Zinahitajika za size gan na ngapi
,,2021-03-19 13:09:11,Tukutane wapi
,,2021-03-19 13:17:47,Aje
,,2021-03-19 14:38:10,Sangap anagika
,,2021-03-19 14:38:16,Anafika
,,2021-03-20 10:09:21,Kumekucha
,,2021-03-20 10:25:42,Nilimpatia ile laki na 10 ingawa alinambia anahitaji elfu 55
,,2021-03-20 11:14:26,Powa
,,2021-03-20 11:52:49,Samuel masika
,,2021-03-20 12:21:00,Bei mbona hujanipunguzia
,,2021-03-20 12:21:07,Nipatie punguzo
,,2021-11-01 15:54:48,Happy birthday ğŸ‰
,,2021-02-26 21:44:28,Eeeh kweli ni muda
,,2021-02-27 11:21:38,Soon utapata iphone 12
,,2021-03-24 02:05:37,Ujambo
,,2021-03-29 11:57:28,Network imetoka
,,2021-03-29 13:18:37,Gnite
,,2021-03-29 19:42:15,Umeamkaje
,,2021-03-29 19:42:57,Pole sanaaa
,,2021-03-29 19:44:50,Nakuona mbali
,,2021-03-29 22:10:01, 2021-03-29 22:09:12: Â« Ohoooooo ğŸ™ˆğŸ™ˆğŸ™ˆ Â»"
,,2021-03-29 22:13:43,Ni wew kasoro kipini
,,2021-03-29 22:13:50,ğŸ˜‹
,,2021-03-29 22:18:15,Weeee
,,2021-03-29 22:18:35,Ka desperado kameishaa
,,2021-03-29 22:18:37,ğŸ˜‚
,,2021-03-29 22:19:52,ğŸ˜“ğŸ˜“ dah
,,2021-03-29 22:30:30,Nakusubr vbayaaaa
,,2021-03-29 22:36:36,Uwahiii nipate somoo
,,2021-03-29 22:52:57,Uwez tenaağŸ˜­
,,2021-03-29 22:55:45,Why
,,2021-03-29 22:58:21,Haaaa unazani ni utani kumbeğŸ˜“
,,2021-03-29 22:58:57,Dah mm nakusubr
,,2021-03-29 22:59:01,Kiukweli
,,2021-03-29 22:59:41,Utapewa zngne tuu kwani kuna tatzo ğŸ˜
,,2021-03-29 23:00:43,Sawa wew lala
,,2021-03-29 23:01:08,Ila habari iko palepaleğŸ˜
,,2021-03-29 23:01:37, 2021-03-29 23:01:08: Â« Hya keshooo tutaendeleza somo Â»"
,,2021-04-21 22:58:52,Mambo
,,2021-04-21 22:58:55,Pole sana
,,2021-04-21 22:58:59,Ni aina gan
,,2021-04-21 22:59:01,Ilete
,,2021-04-22 11:52:48,Uje
,,2021-04-22 18:16:48,Kesho tena
,,2021-04-24 19:40:18,Jmni nlikuwa bzy kdg mama
,,2021-04-26 12:16:19,Mamaa
,,2021-04-26 12:18:45,Laptop tatzo adapter
,,2021-04-26 12:30:17,Uje basi
,,2021-04-26 14:36:37,Bila hata kunambiağŸ¥º
,,2021-04-26 14:40:01,ğŸ˜“
,,2021-04-26 14:40:07,Ngoja na mm nije
,,2021-04-27 13:01:52,Hujambo
,,2021-09-05 04:23:10,Akiii
,,2021-09-18 03:37:58,Wapembaaa
,,2021-09-18 19:34:08,Kwakweli ğŸ˜…
,,2021-09-18 19:39:43,ğŸ˜…ğŸ˜…ğŸ˜…
,,2021-09-18 19:39:49,Usijari
,,2021-09-27 05:18:27,Nataka zawadi
,,2021-09-27 05:18:34,ğŸ˜…ğŸ˜…
,,2021-09-27 05:18:46,Iphone 13
,,2021-09-27 15:08:34,ğŸ˜…ğŸ˜…ğŸ˜…ğŸ˜…
,,2021-11-17 22:18:15,Mamboo
,,2021-11-17 22:18:28, 2021-11-17 20:53:26: Â« Vann kesho kutwa napokea ela yangu ya mchezo! Laki 6 ntapata XS Max ukooo ğŸ™ˆğŸ™ˆğŸ™ˆğŸ™ˆğŸ˜‚ğŸ˜‚... Â»"
,,2021-11-17 22:18:35,ğŸ˜¿
,,2021-11-17 22:27:35,Jaman ningepata muda hata wa kuitafuta hio 550
,,2021-11-17 22:33:49,ğŸ˜¢
,,2021-11-17 22:33:59,Utapeli gan tena
,,2021-11-17 22:37:44,Jaman mm tenağŸ˜’ğŸ˜’
,,2021-11-17 22:45:08,Unadhani ni bei sasa ni 1.15 tuu
,,2021-11-17 22:49:44,Yeah
,,2021-11-17 23:01:48,Mi narudi keshokutwa
,,2021-11-17 23:15:28,Hela imeniishia ngoja tuangalie kwa keshoo
,,2021-11-18 12:43:43,ğŸ¤£ğŸ¤£
,,2021-11-19 13:47:20,Hellow
,,2021-11-19 13:47:42,Am tired of this game we are playing if i come to your shop u will have to give back my money not laptop again today is the last day.
,,2021-11-19 13:48:08,Your not picking the phone and the other one is not available
,,2021-11-19 13:48:22,Am about to go back to my county
,,2021-11-19 22:16:40,Ask your boss he is not picking the phone
,,2021-11-19 22:17:19,He Knwâ€™s
,,2021-11-19 11:30:43,"Kadooli Supermarket
,,2021-11-19 13:41:56,Bro 2 hrs now
,,2021-11-19 13:43:04,Am tired of this game we are playing if i come to your shop u will have to give back my money not laptop again today is the last day.
,,2021-11-19 15:43:04,Okey thank you
,,2021-11-20 13:37:57, 2021-11-19 13:43:04: Â« Am tired of this game we are playing if i come to your shop u will have to give back my money not lapt... Â»"
,,2021-11-20 13:38:26,I have ordered somewhere else
,,2021-11-20 14:52:39,Send this laptop to this adress
,,2021-11-20 14:52:50,"Kadooli Supermarket
,,2021-11-20 14:53:33,Next time u have to respect your customers no matter if they donâ€™t buy too much
,,2021-11-20 14:58:13,You talk too much send the laptops
,,2021-11-20 16:35:26,What is happening?
,,2021-11-20 16:37:05,Time bro
,,2021-11-20 16:37:47,+971 52 701 4932
,,2021-09-30 19:16:31,Nani
,,2021-09-30 19:16:41,Namba ngeni mkuu
,,2021-09-30 19:17:07,Siko om
,,2021-09-30 19:17:12,Nko deira hapa
,,2021-09-30 19:17:22,Unataka kutuma ngapi mzee
,,2021-09-30 19:17:56, 2021-09-30 19:17:19: Â« Last time Â»"
,,2021-09-30 19:18:04,Nko njiani narudi om
,,2021-10-01 21:55:20,Dah
,,2021-10-01 21:55:35,Uliposema kuna mtu nitampa nkajua nampa cash
,,2021-10-01 23:48:59,Sawaaa
,,2021-10-08 21:32:21,Powa powaaa
,,2021-10-09 13:34:05,Bro
,,2021-10-09 13:34:09,Vp
,,2021-10-09 13:34:23,Nlilala
,,2021-10-09 13:59:52,Nko namba moja
,,2021-10-09 14:02:53,Nje wap
,,2021-10-09 14:18:25,https://m.gsmarena.com/sony_xperia_xz-8313.php
,,2021-10-16 22:40:06,Powa vp kaka
,,2021-10-17 08:09:52,Ahaaa
,,2021-10-17 08:10:05,Nakuja
,,2021-11-01 15:42:49,Bado mzee
,,2021-11-01 15:43:32,Dah hapana kaka
,,2021-11-01 15:44:10,Dah nlistop kaka mpka nkirudi tena
,,2021-11-01 15:44:49,Mwshoni mwa mwezi
,,2021-11-01 15:45:52, 2021-11-01 15:44:22: Â« Hope rama ataweza Â»"
,,2021-11-01 15:53:05,Sijakusoma
,,2021-11-23 10:46:31,Yes bro
,,2021-11-23 10:46:33,Vp
,,2021-05-13 19:34:59,Powa vp
,,2021-10-15 18:18:26,Who is this
,,2021-10-18 05:41:23,??
,,2021-11-02 16:08:19,Hey
,,2021-11-02 16:09:02,Wew marium gani? Nlikuuliza?
,,2021-11-03 13:56:28,Nambie
,,2021-11-03 13:56:37,Hamuwek pcha zenu
,,2021-11-03 15:28:50,Ohoo
,,2021-11-03 15:29:59,Nipoo
,,2021-11-03 15:30:01,Mbona
,,2021-11-03 20:25:02,Nambie marium
,,2021-11-25 00:56:19,Mamu mwenyewe si ndo wew
,,2021-11-30 08:48:39,Mzee
,,2021-11-30 08:48:55,Bro
,,2021-11-30 08:58:38,Ebana ni kevoo hapa wa graphics?
,,2021-11-30 09:30:27,Powa mzee
,,2021-11-30 09:30:35, 2021-11-30 08:58:38: Â« Ebana ni kevoo hapa wa graphics? Â»"
,,2021-11-30 09:36:04,Umepotea mzee
,,2021-11-30 09:36:10,Van wa inauzwa hapa
,,2021-11-30 14:10:57, 2021-11-30 13:55:22: Â« Ile logo mark huitumii?? Â»"
,,2021-11-30 16:33:22,Mm nataka niachane nayo
,,2021-11-30 16:33:30,Ibaki jina tuu
,,2021-11-30 16:37:40,Ndo hio
,,2021-11-30 16:37:55,Ambayo nime design as UI
,,2021-11-30 16:38:17,Bado kuna mtu anaifanya iwe reality kwa code
,,2021-11-30 16:43:09,Sizani km ina hio
,,2021-11-30 16:44:12,Huyu jamaa ndo anayo ananitumiaga lkn bado haijafika pazuri
,,2021-11-30 16:45:26,Itabidi nkutolee
,,2021-11-21 02:13:35,"Kadooli Supermarket
,,2021-11-21 02:20:24,Ok
,,2021-11-21 02:23:47,Am alone
,,2021-11-21 02:23:53,Wait
,,2021-11-29 17:53:46,Bos
,,2021-11-29 17:53:51,Boss
,,2021-11-29 17:55:01,Boss
,,2021-11-29 17:55:01,How r u
,,2021-11-29 17:55:01,Sorry can I get code for this
,,2021-11-29 17:55:01,S9 plus
,,2021-11-29 17:55:01,I took last time 5pcs
,,2021-11-30 08:34:30,Boss
,,2021-11-30 09:59:04,Am waiting bro
,,2021-11-30 17:45:47,Boss
,,2021-11-30 17:45:55,How long can take
,,2021-12-01 08:30:03,Boss what about to day
,,2021-12-01 14:01:43,Please bro
,,2021-12-01 20:40:09,Bro you let me down
,,2021-12-02 07:08:21,Bro u keep promising ğŸ˜’
,,2021-12-03 09:27:54,ğŸ˜
,,2021-12-03 09:44:45,Boss ur the only i trust but this is second phone coming with lock and never get helped
,,2021-12-03 10:53:48,How long
,,2021-12-05 19:40:43,Nmekupata kaka
,,2021-11-19 23:26:25,â™¥ï¸
,,2021-11-20 23:47:55,Me
,,2021-11-21 01:20:14,Please ğŸ˜¢
,,2021-11-21 01:48:18,ğŸ˜©
,,2021-11-21 01:49:07,ğŸ¤¥
,,2021-11-21 01:49:16,Aya
,,2021-11-26 07:37:22,Hi
,,2021-11-26 08:19:36,Mzima toto
,,2021-11-26 19:57:08,Mekumiss
,,2021-11-26 19:57:28, 2021-11-26 19:57:14: Â« Know Â»"
,,2021-11-26 20:02:21,Kuna mtu namtumiag
,,2021-11-26 20:03:55,Its 9$ per kg
,,2021-11-26 20:04:36,St deira
,,2021-12-06 08:24:18,Jamani mapisho na nguo za kutokeaâ˜ºï¸
,,2021-12-09 16:36:43,ğŸ˜¢
,,2021-12-09 16:36:52,Jamani
,,2021-12-09 16:37:00,What we do
,,2021-12-09 16:37:29,Basi nkupe hii ya xs max
,,2021-12-09 16:40:15,1.15
,,2021-12-10 13:48:53,13 pro max usa price boss 128gb
,,2021-12-14 22:26:39,Utatuma nn
,,2021-12-14 23:38:09,Sawa
,,2021-12-30 14:57:10,"(-6.7689329
,,2021-12-30 14:57:15,Mambo vp kaka
,,2021-12-30 14:57:31,Hio ndio namba ya adress ya ofisi ilipo
,,2021-12-30 14:57:41,Mm ni jamaa nlikuwa nahitaji internet
,,2021-07-12 20:47:17,No boss
,,2021-07-12 21:25:49,Ntajaribu
,,2022-01-02 11:10:41,Niaje bro
,,2022-01-02 11:10:52, 2022-01-02 10:17:38: Â« Hery ya mwaka mpya Â»"
,,2022-01-02 11:11:01,Ila sijajua nani hapa
,,2022-01-02 11:11:12,Namba mbona ngeni
,,2022-01-02 11:30:41,We jamaa unanamba ya tatu hiiğŸ¤£
,,2022-01-02 11:39:30,Kaka acha tuu
,,2022-01-02 11:39:45,Na huku mipaks imefungwa hatuwez kurudi tena
,,2022-01-11 20:23:22,"Link:
,,2022-01-11 20:23:37,Habari gani
,,2022-01-11 20:23:50,Nahitaji kufahamu ni gharama zimekaaje
,,2022-01-11 22:14:28,https://instagram.com/inauzwa?utm_medium=copy_link
,,2022-01-03 15:02:35,"(-6.7689329
,,2022-01-03 15:03:21,Niaje
,,2022-01-03 15:03:47,Boss nmepewa namba hapa voda nlikuwa nahitaji kufungiwa internet ya ofisini
,,2022-01-03 15:04:00, 2022-01-03 15:02:35: Â« (-6.7689329
,,2022-01-10 12:55:40,boss niaje
,,2022-01-10 12:55:48,ni kimya sana mzee
,,2022-01-10 17:06:28,hapana
,,2022-01-10 17:06:31,kmya
,,2022-01-10 17:08:25,Sawa
,,2022-01-10 19:39:28,Mm nipo hewan mkuu
,,2022-01-11 08:54:19,Anakuja lini
,,2022-01-15 10:11:01,Duh
,,2022-01-15 10:11:37,Ebana ivi ni wafanyakazi wa campuni ama ni mtu binafsi? Mbona kuna uswahili mwingi sana aisee
,,2022-01-15 13:40:05,Hawako serius kma nawaomba wakati ni huduma nalipia cheif
,,2022-01-15 13:41:39,Haipokelewi
,,2022-01-15 13:58:48,Sawa
,,2022-01-20 10:16:13,Bro niaje
,,2022-01-20 13:48:05,Fresh
,,2022-01-21 19:05:23,Niaje
,,2022-01-21 19:05:43,Ebana nmepewa namba na mwasiti nahitaji slipers
,,2022-01-21 19:07:04,Naweza kupata sample 42
,,2022-01-21 19:07:08,Size
,,2021-06-27 21:17:09,Vishavu
,,2021-09-18 20:26:38,Nmemiss macho yko
,,2021-09-20 01:44:43,ğŸ˜…ğŸ˜…
,,2021-09-21 22:05:05,Namm nataka nikuwe bestifriend wakoğŸ˜¢
,,2021-09-21 22:06:32,ğŸ¤£ğŸ¤£ğŸ¤£
,,2021-09-21 22:06:42,Uwepo wako unahitaka sanaaaa
,,2021-09-21 22:27:36,Zawadi tuu
,,2021-09-22 21:33:02,ğŸ˜…ğŸ˜…ğŸ˜… ladies
,,2021-09-22 21:40:45,Usiwaze
,,2021-09-25 03:23:29,Kutoka dubai
,,2021-12-04 23:27:19,Nko kwenu hapa
,,2021-12-05 00:33:13,Nlikuwa nje hapo
,,2021-12-05 00:37:36,Hukujibu txt nakuja tena
,,2021-12-05 00:38:06,Yes
,,2021-12-05 00:44:35,Mefika
,,2021-12-05 00:45:25,Karibu na inauzwa
,,2021-12-05 01:54:57,ğŸ˜¢
,,2021-12-05 15:00:53,Mama sitaki wew
,,2021-12-07 23:07:10,ğŸ˜¢
,,2022-01-23 22:45:42,Si sana
,,2022-01-23 22:50:31,Mtoto mtamu uyu
,,2022-01-23 22:53:50, 2022-01-23 22:45:42: Â« Si sana Â»"
,,2022-01-23 22:54:54,Huyu
,,2022-01-23 22:55:50,Na emagine tuu yaan
,,2022-01-23 22:56:56,Au unanambiaje
,,2022-01-23 22:57:31,Lips for me
,,2022-01-23 22:58:03,Pole nn
,,2022-01-23 23:03:46,ğŸ¤­ğŸ¤­
,,2022-01-23 23:15:55,Eeeh
,,2022-01-23 23:21:53,Uko wp
,,2022-01-23 23:45:56,Nije
,,2022-01-23 23:48:45,Juice naotoa wapi
,,2022-01-23 23:48:57,Au juice yangu mmğŸ¤¤
,,2022-01-30 11:13:53,0YDQTL-MASIKA SAMUEL HANCE -DAR-DXB-DAR.pdf
,,2022-01-30 11:19:16,evisa_1640261209078_22120127441528 (2).pdf
,,2021-12-04 01:46:18,ğŸ˜
,,2021-12-04 12:56:53,R u okey a
,,2021-12-04 12:57:55,Where r u
,,2021-12-04 12:58:15, 2021-12-04 12:58:01: Â« Siruhusiwi kutumia cm hapa naibia tu ndo maana sijapokea Â»"
,,2021-12-10 15:48:53,Ipi
,,2021-12-10 15:49:47,Which year
,,2021-12-10 16:06:42, 2021-12-10 15:50:16: Â« Af hyo cm uko  nayo Â»"
,,2021-12-10 16:06:50, 2021-12-10 15:50:06: Â« 2020 Â»"
,,2021-12-10 18:04:45,Mpya ni 3.2
,,2021-12-12 20:55:37,Mambo
,,2021-12-12 20:56:30,Uko wap
,,2021-12-12 20:56:37,ğŸ˜
,,2021-12-12 21:25:06,I wish to see uğŸ˜©
,,2021-12-12 21:26:55,Why not
,,2021-12-12 21:29:50,ğŸ˜¢ğŸ˜¢
,,2021-12-13 00:53:43,Jamani mbona mkaliiiğŸ˜¥
,,2021-12-13 00:54:21,Nsamehe basi
,,2021-12-13 00:54:51,Nilikuwa nataka kuja that time
,,2021-12-13 00:58:55,Yes
,,2021-12-13 00:59:37,Nifunguke nn tena jmni
,,2021-12-13 01:00:43, 2021-12-13 00:59:33: Â« Mwingine labda kwa pic ama live Â»"
,,2021-12-13 01:01:05,ğŸ˜¹ğŸ˜¹
,,2021-12-13 01:01:11,Ipo
,,2021-12-13 01:04:28,Sawa
,,2021-12-13 01:08:10,Litakuwa zawad yko
,,2021-12-13 01:10:28,Yes
,,2021-12-13 01:13:15,Mwenge hapa
,,2021-12-13 01:14:17,Ujee bana
,,2021-12-13 01:14:41,Mm natk kusafiri tena but not before I meet you
,,2021-12-13 01:15:04,After next week
,,2021-12-13 01:15:41, 2021-12-13 01:15:17: Â« Mm ilikuwa niende turkey week ilopita ila sijachoma sindano Â»"
,,2021-12-13 01:16:01, 2021-12-13 01:15:33: Â« Hebu na mm nifundishe biashara niwe nasafir Â»"
,,2021-12-13 01:17:55, 2021-12-13 01:16:19: Â« Napenda sana kutembea nchi mbali mbali Â»"
,,2021-12-13 01:18:03, 2021-12-13 01:17:09: Â« Ndo maana nilitaka kusomea  cabin crew wakanambia sio mrefu Â»"
,,2021-12-13 01:24:43, 2021-12-13 01:18:32: Â« Mm nambie nifaanye biashara gani na  iwe ma msingi wa ml  ngap Â»"
,,2021-12-13 01:24:52, 2021-12-13 01:18:42: Â« Yah hawanitak mm mpka leo nataman Â»"
,,2021-12-13 01:25:32,Sawaa
,,2021-12-13 13:04:26,Ok
,,2021-12-13 13:04:35,Utanambia basi
,,2021-12-13 13:04:41,What time
,,2021-12-13 18:46:18,Umefika
,,2021-12-13 22:31:54,Haya
,,2021-12-13 22:39:56,Umeenda gym?
,,2021-12-13 23:23:52, 2021-12-13 22:32:21: Â« Kichwa kinaniuma sana leo Â»"
,,2021-12-13 23:24:25,When?
,,2021-12-13 23:25:00,Muda umetoka uko kuja shop?
,,2021-12-13 23:25:24,Ooh
,,2021-12-13 23:25:30,Saloon?
,,2021-12-14 09:55:28,How r u doing?
,,2021-12-14 10:14:28,Kichwa kimepowa
,,2021-12-25 02:46:31,What a beautiful lady out there
,,2021-12-25 04:04:24,Nmempenda huyo mdada hapo
,,2021-12-25 04:06:01,ğŸ˜©
,,2021-12-25 04:07:56,Nmekumiss sana
,,2021-12-28 01:04:54,ğŸ˜
,,2021-12-28 13:39:52,Mbona huji tena jamani
,,2021-12-28 15:41:50,Uko wp
,,2021-12-28 21:23:24,Wacha bana
,,2021-12-28 21:24:10,Hayaaa have a good life
,,2021-12-31 18:50:42, 2021-12-31 18:50:15: Â« Hamna cover mzur huko ğŸ™ˆ Â»"
,,2021-12-31 18:50:54, 2021-12-31 18:50:30: Â« Ss nimetowa uvivu nishaenda kuchukuwa cm yang Â»"
,,2021-12-31 18:50:57,ğŸ¤£
,,2021-12-31 18:51:50,Mm sijasafiri mama
,,2021-12-31 19:46:05,Yaaan acha tuu
,,2022-01-08 02:34:48,Mamboo
,,2022-01-08 10:35:03,Nko sawa
,,2022-01-08 10:35:09,Zenji mambo ni gani
,,2022-01-08 10:37:02,Ooh umekuja kimya kimya
,,2022-01-08 11:10:41,Kweli
,,2022-01-08 11:10:54,Mbona nlikucheki km marambili ukasema hujatufi
,,2022-01-08 11:11:01,Hujarudi
,,2022-01-08 11:35:28,Mi hata sijui
,,2022-01-08 11:35:38,Mambo yalienda powa sio
,,2022-01-08 12:01:35,okey
,,2022-01-08 12:01:44,mwaka umeanzaje kwako
,,2022-01-08 12:02:34,afya?
,,2022-01-21 18:24:08,Hey
,,2022-01-21 18:31:50,Mzimaa
,,2022-01-21 18:32:03,Mbona hujaonekana mama
,,2022-01-21 18:32:10,Nmekusbr
,,2022-01-21 18:40:52,Dah
,,2022-01-21 18:40:59,Pole
,,2022-01-21 18:41:12,Unaendaga movie usiku
,,2022-01-21 18:41:57,Pekeyko huendi
,,2022-01-21 18:44:55,You deleted this message
,,2022-01-21 19:05:50,Ahaaa sawa
,,2022-01-23 03:21:53,ğŸ˜“
,,2022-01-24 22:32:12,Heey
,,2022-01-24 22:35:51,Mambo
,,2022-01-24 22:36:10,Nmekuota leoğŸ˜…
,,2022-01-24 22:38:21,Nmeota nakuvalisha pete
,,2022-01-24 22:55:34,Kweli
,,2022-01-24 23:35:43,Mi nmekuona wew umewakaaa
,,2022-01-25 09:25:40,Kaabisaa
,,2022-01-28 21:43:52,Powa vp
,,2022-01-28 21:43:57,Laptop gan
,,2022-01-29 01:40:15,Macbook air
,,2022-01-29 09:42:48,1.45 mama
,,2022-01-29 12:46:24,Unataka ngap
,,2022-01-29 12:48:56,Ndo hioo
,,2022-01-29 13:01:06,Yes mamy
,,2022-01-29 18:19:15,128
,,2022-01-31 02:03:00,2015
,,2022-01-31 02:03:06,Unataka ipi wew nambie
,,2022-01-31 02:03:54,Basi utapitia shop kuichek mm nmesha safiri
,,2022-01-31 02:05:05,Nakufundisha vp jamaniğŸ¤£
,,2022-01-31 02:08:45,Nafndishaje
,,2022-01-31 02:09:13,Biashara ni kuuza na kununua tuu
,,2022-01-31 02:09:24,Nn nikifndshe hpo
,,2022-01-31 02:12:27,Ushawishi wako utawapta wataambiana
,,2022-01-31 02:14:38,Hamna kirahisi mama
,,2022-01-31 02:15:00,There is no magic
,,2022-01-31 02:20:42,Saaafi
,,2022-01-31 02:37:58,Nkileta utapata usiwaze
,,2022-01-31 10:55:48,Mzee hio sio namba ya biashara ndomana nkasema personal
,,2022-01-31 21:26:50,Hi
,,2022-01-31 21:27:24,Hey hii si namba ya ofisini
,,2022-01-31 21:27:37,Call
,,2022-01-31 21:27:46,Kawaida
,,2022-01-31 21:37:37,Tyri
,,2022-02-02 01:07:26,ğŸ˜¹
,,2022-02-02 01:05:02,Hi
,,2022-02-02 01:05:05,Zipo shop
,,2022-02-02 09:42:59,Okey
,,2022-02-02 09:46:59,3 ni 490
,,2022-02-02 09:47:02,Tsh
,,2022-02-02 09:49:52, 2022-02-02 09:47:02: Â« Tsh Â»"
,,2022-02-03 10:26:45,ğŸ™ğŸ¾ğŸ™ğŸ¾
,,2022-02-05 11:03:08, 2022-02-05 05:58:45: (Audio)"
,,2022-02-05 18:00:40,Hi
,,2022-02-04 15:31:52,1m
,,2022-02-04 15:31:57,Inch ngap?
,,2022-02-04 15:35:20,13â€™ ndogo
,,2022-02-04 15:35:26,800
,,2022-02-04 15:51:40,Unaua
,,2022-02-04 15:51:56,Hazna uhakika kutok izoo
,,2022-02-04 16:04:29,Disconect battery kabisa ndo ije
,,2022-02-04 16:19:32,Ohoo
,,2022-02-04 16:22:19,"LOCATION: Ofisi yetu mpya ya @inauzwa yenye jina la #THEMEGAONE inapatikana Njia ya mlimani city na mwenge
,,2022-02-04 16:49:23,Nenda
,,2022-02-07 11:53:02,Not on that paper?
,,2022-02-07 11:57:28,I ask my customer bro give me a small time
,,2022-02-07 12:53:34,Send me a picture of that small paper
,,2022-02-07 12:54:24,Which i put the watch in
,,2022-02-07 12:54:57,I didnâ€™t left this?
,,2022-02-07 12:58:19,Ok
,,2022-02-07 17:02:39,3030
,,2022-01-29 16:56:39,Hellow
,,2022-01-29 16:57:04,Okey tell me how can we work together
,,2022-01-29 17:13:13,Okey
,,2022-01-29 17:13:34,I want to knw the procedure first then we can arrange
,,2022-01-29 17:29:24,Can we do it in Swahili? Coz my colleagues the donâ€™t speak good English or understand
,,2022-02-09 19:22:54,Hi tanzania
,,2021-02-25 23:26:44,ğŸ˜‚
,,2021-09-04 22:20:04,Hii sio namba ya kazi mzee
,,2022-01-31 01:44:37,ğŸ¤£ğŸ¤£
,,2022-02-14 18:27:15,Send me here shop number
,,2022-02-15 09:43:17,Room 102
,,2022-02-15 09:59:41,R u there
,,2022-02-15 09:59:52,Ok
,,2022-02-12 20:09:51,Hi
,,2022-02-17 11:03:06,Bro niajee
,,2022-02-17 11:04:36,"Nimesikia unakuja bongo bro
,,2021-12-30 22:28:45,Nifate saizi
,,2021-12-30 22:28:47,?
,,2021-12-30 22:28:57,Nmepiga simu haipokelewi
,,2022-01-12 12:52:13,Tayari
,,2022-01-15 19:43:06,Habari
,,2022-01-15 19:43:18,Nlikuwa nauliza hakuna mzigo wangu hapo
,,2022-01-18 19:46:38,Mambo
,,2022-01-18 19:46:45,Vipi kuna jipya?
,,2022-01-18 19:47:22,Ok leo au
,,2022-01-18 19:48:05,Good
,,2022-01-19 09:34:31,Za asubuhi
,,2022-01-19 09:34:43,Naweza kuja kufata mzigo wwngu
,,2022-01-19 09:37:49,Dah jamaa yenu kaanza kuzingua
,,2022-01-19 09:37:59,Wateja wamekuwa wengi
,,2022-01-19 09:47:21,Mbali na kuwa na msiba hajibu txt wala kupokea cm
,,2022-01-19 09:48:06,Na huo mzigo ulikuwa na wateja wanasubr nimewarusha muda wote saizi napata taarifa hata haukuchukuliwa
,,2022-02-21 18:59:45,0713771713 Donald mwendo
,,2021-10-15 15:19:13,Xs max au
,,2021-10-15 15:19:32,Pro max ni 1.75
,,2021-11-19 11:34:23,ğŸ˜€
,,2022-02-23 22:35:23,ğŸ˜…
,,2022-02-10 21:45:12,Kaka
,,2022-02-10 22:55:55,Namba ngap
,,2022-02-11 00:28:26,Single sio
,,2022-02-11 09:06:37,Mkuuu
,,2022-02-11 09:15:09,Nambie
,,2022-02-11 09:15:14,Nakuja
,,2022-02-11 09:15:43,Mm sijtoka
,,2022-02-11 09:15:59,Maduka ya kanzu ypo wazi
,,2022-02-11 09:17:58,Mm ntka
,,2022-02-11 11:28:37, 2022-02-11 11:21:24: (Audio)"
,,2022-02-11 11:28:55,Mwili huu kweli
,,2022-02-11 12:04:57,Muda broo
,,2022-02-11 13:46:08,Shuka
,,2022-02-11 13:46:12,Chini
,,2022-02-11 22:27:07,Mzee
,,2022-02-11 22:27:20,Mkifika nambie nmeacha funguo yngu
,,2022-02-12 01:49:54,Mkuu
,,2022-02-12 01:54:34,Naam kaka
,,2022-02-12 01:54:53,Ebana nimepata fungue nyingne sitakuka ntakuja ksho
,,2022-02-12 01:55:44,Gnite bro
,,2022-02-12 12:27:45,Niaje mzee
,,2022-02-12 12:31:25,Nipnge mkuu
,,2022-02-12 15:22:28,Naam
,,2022-02-12 15:23:05,Mi ndo natoka ila nina kaz mbili tatu
,,2022-02-12 20:19:59,Wap
,,2022-02-12 20:20:33,Kuna mizigo nakusanya nikaitume
,,2022-02-12 20:21:29,Nko huku kwenye makava
,,2022-02-12 20:22:11,Pow
,,2022-02-12 23:34:09,Tajiri now ndo nafika kk
,,2022-02-13 08:44:46,Simu yko haipigiki
,,2022-02-13 08:45:02,Maduka yako open upande wenu huko
,,2022-02-13 09:25:32,Ni swali tuu
,,2022-02-13 09:25:50,Sawa
,,2022-02-13 10:46:33,Broo
,,2022-02-13 10:55:13,Mmesha ondoka nn mm nko hapa
,,2022-02-13 10:57:01,Km mmeenda powa ngoja nirudi geto
,,2022-02-14 00:50:56,Unantxt sehemu mbili kaka
,,2022-02-14 11:36:10,Broo
,,2022-02-15 07:57:29,Bro
,,2022-02-15 14:20:29,Safi km mmefika salama
,,2022-02-15 14:20:36,Mizigo mmeacha wap
,,2022-02-15 15:19:24,Mzee ntumie na zile vdeo za apple store
,,2022-02-15 17:39:03,Sawa
,,2022-02-17 14:03:11,Bro
,,2022-02-17 14:03:13,Niaje
,,2022-02-17 14:03:23,Nasubiri zile video nipost mkuu
,,2022-02-17 14:06:32,Bro hii ni kali sana ila naweza ipata kupitia telegram?
,,2022-02-17 14:06:40,Ili ije na quality yake
,,2022-02-17 14:07:14,https://wetransfer.com/upload
,,2022-02-17 14:07:30,Au niwekee hapo kisha nitumie link mm nita download
,,2022-02-17 16:08:29,Tayari kaka? Au nkuchek badae uko busy?
,,2022-02-17 16:13:13,Ahaaa
,,2022-02-17 17:20:00,Pow
,,2022-02-18 12:36:51,Mkuu
,,2022-02-18 12:50:06,Kwema
,,2022-02-18 12:50:14,Ebana nmesubr kinoma jna
,,2022-02-18 12:51:19,Angalia itakuwa haijafka
,,2022-02-23 16:39:26,Kaka niaje
,,2022-02-23 16:39:42,Ebana hamkuona sendo zangu nyeupe zile pale ndani
,,2022-02-24 00:34:28,Shukrani nmepata mkuu
,,2022-01-31 20:35:38,450
,,2022-02-25 02:10:13,Wow
,,2021-09-21 23:46:09,Jamaniiii
,,2022-01-20 23:34:49,ğŸ˜©
,,2022-01-28 22:34:14,Unataka kazi gan
,,2022-01-28 22:35:05,ğŸ¤£ğŸ¤£ğŸ¤£
,,2022-01-28 22:35:13,Umesha disqualify
,,2022-01-28 22:35:33,Hatutaki mtu wa namna hiyo anaefanya kazi ili apate pesa
,,2022-01-28 22:36:04,Coz mkipata pesa mnaanza kusumbua kazini
,,2022-01-28 22:36:50,Poleee
,,2022-03-01 00:03:27,Dah swali gumu sana
,,2022-03-01 00:03:49,We chunguza kisha Nambie untk nn
,,2022-03-01 01:12:50,I wish but muda ndo tatzo
,,2022-03-01 14:29:04,Mzee inakuaje
,,2022-03-01 14:29:07,Inauzwa hapa
,,2022-03-01 14:29:21,Nmechukua saa jana kwa ally ila ina iCloud yako bado
,,2022-03-01 14:30:14,Umetoka online mkuu
,,2022-03-01 14:33:08,Amna noma nipe passward
,,2022-03-01 14:33:39,Passcode
,,2022-03-01 14:34:04,Ok ngoja nireset kwanza
,,2022-03-01 14:34:09,Ntachek
,,2022-03-01 21:13:51,Mzee niaje
,,2022-03-01 21:14:00,Ebana nmemaliza kureset
,,2022-03-01 21:14:10,Vp charger ulileta?
,,2022-03-01 22:51:14,Atakuwa kasahau ngoja nimchek tena
,,2022-03-02 14:39:09,Confirm*eb1012a4-1899-4633-9c55-d96075d3ff2e*CALL*
,,2022-02-09 22:25:35,Niaje
,,2022-02-09 22:25:43,Sawa beo mm nko safii
,,2022-02-09 22:25:47,Nawasikiliza
,,2022-03-04 20:03:21,Sabca
,,2022-03-04 20:05:34,Send location
,,2022-03-04 20:10:57,Am here
,,2022-03-04 19:51:42,How much
,,2022-03-04 19:52:07,How much
,,2022-03-04 19:55:53,Best quality
,,2022-03-04 19:56:12,I canâ€™t have it now?
,,2022-03-04 19:57:46,Ok
,,2022-03-06 13:48:11,Broo
,,2022-03-07 01:55:22,Shukrani mkuu
,,2022-03-07 01:55:37,Natafuta free time nyingine nije hapo
,,2022-03-07 19:51:47,Hii ndo ile ile
,,2022-03-03 16:12:47,Niaje mzee
,,2022-03-03 17:01:39,Ali Seleman Dubai
,,2022-03-07 18:57:28,Uko wap mzee
,,2022-03-07 18:59:46,Ndo wap
,,2022-03-07 19:07:53,Wait mkuu naongea na jama wa hela hapa
,,2022-03-06 13:28:01,"Technologies:
,,2022-03-06 14:27:59, 2022-03-06 14:03:26: Â« Php laravel au Â»"
,,2022-03-06 14:29:30, 2022-03-06 14:27:35: (Audio)"
,,2022-03-07 02:08:09,Ni nmemuadd jamaa atakuchek
,,2022-03-07 02:08:20,Now sijampata online
,,2022-03-07 11:50:38,Yes
,,2022-03-07 11:56:44,Mzee download playstore
,,2022-03-07 11:56:54,Inaitwa inauzwa
,,2022-03-07 21:51:10,Enheee unasemaje
,,2022-03-08 12:00:37,You deleted this message
,,2022-03-08 12:01:28,Vinchache viko fixed kwenye hio list
,,2022-03-08 12:05:15,"Ukimaliza kulipa pay now page iwe replaced na done (figma)
,,2022-03-08 12:14:13,Some yes mkuu
,,2022-03-08 12:16:30,"Currently 
,,2022-03-08 12:16:37,Hizo ndo za haraka
,,2022-03-08 12:16:52,Ambazo nmeziona last update
,,2022-03-08 12:42:33, 2022-03-08 12:16:30: Â« Currently 
,,2022-03-08 12:48:49,Aisee palefu ngoja basi nijiangalie
,,2022-03-11 19:52:29,Hi
,,2022-03-11 19:52:39,Send me price list boss
,,2022-03-12 19:43:18,Mambo vp
,,2022-03-12 19:45:09, 2022-03-12 19:44:36: Â« Nilikuwa nakuulza kama sku2 Hz Unaeza kuwa na nafasi tukakucheki kushoot video ya dakika ... Â»"
,,2022-03-12 19:46:30,Pili project yetu haijakamilika
,,2022-03-12 19:57:51,Ok
,,2022-03-13 23:07:08,Sawa mzee
,,2022-02-09 19:12:10,Hi
,,2022-03-09 10:15:16, 2022-03-07 17:08:58: Â« Bro send me location I have always wanted to do this ğŸ˜ Â»"
,,2022-03-09 10:19:56,25 bullets its 260 dirham
,,2022-03-09 10:20:11,Same gun but they also have more expensive
,,2022-02-09 23:39:23,ğŸ˜…
,,2022-03-17 09:18:43,Joel
,,2021-05-26 23:04:36,Mambo vp
,,2022-03-17 16:11:09,Niaje
,,2022-03-17 16:11:24,Ebana sina price list mkuu
,,2022-03-17 16:11:40,Na saizi sipo dubai nko sehemu nyingine mpk next week
,,2022-03-18 11:22:42,ğŸ‘ğŸ¾ğŸ‘ğŸ¾
,,2022-02-15 10:07:04,Hi
,,2022-02-15 10:09:05,Ujambo cath
,,2022-02-15 13:33:38,Nko powa cjui wew
,,2022-02-15 13:33:45,Kitu gan iko
,,2022-02-15 13:42:53,Please remind me ni Cathy yupi sura sijakukumbuka seems like we knw each other
,,2022-02-15 13:45:34,Oohâ€¦ nmekumbuka but now nko nje ya nchi since January
,,2022-02-15 13:47:22,How can i in here madame
,,2022-02-15 13:51:19,Ni long process na makato makubwa plus ina take sometime pia sijawai tumia. Mm nasubriaga mpk awepo mtu wa kuja huku ndo nampa pesa
,,2022-02-15 14:00:51,Aisee hata sifahamu
,,2022-02-15 14:13:32, 2022-02-15 14:07:07: Â« Niunganishe n mtu wa huk Â»"
,,2022-02-15 14:13:37,Ni shingap
,,2022-02-15 14:18:52,Wiki hii mwngne huyu nmeshindwa
,,2022-02-15 14:19:34,Leo mwngne huyu hata sijamjibu
,,2022-02-15 14:19:57, 2022-02-15 14:19:31: Â« 200k Â»"
,,2022-02-15 14:21:24,Hata 100 sina sio kutuma tuu hata kuwanayoğŸ˜’
,,2022-03-18 11:05:31,Nipoo
,,2022-03-21 19:41:30,Ok bro i come
,,2022-03-21 22:11:06,Yes bro
,,2022-03-22 15:13:09,Hi
,,2022-03-22 15:13:23,SG350X 24P you have this
,,2022-03-22 15:14:45,Cisco switch
,,2022-03-22 15:21:27,Niaje
,,2022-03-22 15:24:20,Umenambia ni 1.5 mzee
,,2022-03-22 15:26:09,Mmmh
,,2022-03-22 15:26:28,Kutoka 2500 mpk 800?
,,2022-03-22 15:26:50,Muulize kanunua wapi niende
,,2022-03-22 15:27:34,Yes gepu ni kubwa sana la bei hata ingekuwa used vp coz io imetoka may 2020
,,2022-03-22 15:28:06,Huku mpya ni km 4M tsh
,,2022-03-22 15:28:12,Na ni adimu sana
,,2022-03-22 15:28:39, 2022-03-22 15:27:56: Â« Shida jamaa now anabana sana hakutaka mi nipate hii mishe ya kazi...sasa sijajua kama linipanga ... Â»"
,,2022-03-22 15:29:05,Nmezunguka kinoma mpka naona km nmepoteza muda wangu
,,2022-03-22 15:31:10,SG 350-28P   Hii je?
,,2022-03-22 15:31:32,Anataka ya X
,,2022-03-22 15:31:34,Okey
,,2022-03-22 15:32:09,Mm naweza kuhangaika kuzipata ila i need garantee ya advance coz nisije poteza muda alafu mambo yakawa tofauti
,,2022-03-22 15:32:33,Coz maduka mengi nmekuta wamefunga mpk next time tena
,,2022-03-22 15:34:18,Sijauliza coz sio husika
,,2022-03-22 15:38:31,Mm ukiniwekea 200K deposit alafu tukipata ndo utatuma full amount coz changamoto inakuwaga kutafuta tuu
,,2022-03-22 15:39:32,Ila muda niongezee kwasabu siku 3 hazitoshi kupata kwasababu hata sokoni hazipo so ni ngumu hata kuweka order wanasema subiri siku mbili tatu ndio wanijuze km naweza kupata
,,2022-03-22 15:43:13,Okey so ni stop nisubr majibu
,,2022-03-22 15:56:07,Sawa
,,2022-03-22 17:17:44,Mzee
,,2022-03-22 17:35:19,6015110 jina inauzwa
,,2022-03-22 17:37:22,Okey
,,2022-03-22 17:37:44,Mtafute
,,2022-03-22 17:37:55,Na subr hapa
,,2022-03-22 17:38:09,Sawa
,,2022-03-22 17:46:57,Mkuu
,,2022-03-22 17:47:03,Umekosa
,,2022-03-22 17:47:33,So
,,2022-03-22 17:47:48,Kenya kuna mpesa
,,2022-03-22 17:48:28,Wew huna hela kwenye cm mkuu
,,2022-03-22 17:49:48,Huna pesa kwenye tigopesa au mpesa au crdb
,,2022-03-22 17:53:47,Duh amna noma
,,2022-03-22 17:56:07, 2022-03-22 17:53:16: Â« Kaka we usiendelee kukaa sana...mi nitakutumia pesa 200K na halafu advance...utawapa kama watatu... Â»"
,,2022-03-27 00:05:55,Mmh
,,2021-03-27 16:34:46,Naam
,,2021-03-27 16:34:59,Ujambo
,,2021-03-27 16:36:19,Dan nipo sana wew umepotea
,,2021-03-29 01:24:51,Nlikuwa nasubr unichek
,,2021-04-25 11:00:11,ğŸ‘ğŸ¾ğŸ‘ğŸ¾
,,2021-04-25 14:16:08, 2021-04-25 12:07:36: Â« Usilale bhnaaaa Â»"
,,2021-04-26 09:59:43,Acha kabisaaa
,,2021-04-26 09:59:56,Ngoja tukimbie
,,2021-04-27 16:42:39,Usijari kabisa limeisha iloo
,,2021-09-18 20:20:02,ğŸ”¥
,,2021-11-19 17:48:10,ğŸ˜
,,2022-03-16 23:02:56,Bambina
,,2022-03-24 01:42:08,Ukokotooo
,,2022-03-24 01:44:03,ğŸ˜‚ğŸ˜‚
,,2022-03-24 01:44:15,Mbona umepndeza
,,2022-03-24 01:46:14,BadoooğŸ˜…ğŸ˜…ğŸ˜…
,,2022-03-24 01:46:34,Nmekumiss pia
,,2022-03-24 01:48:23,ğŸ˜…ğŸ˜…ğŸ˜… usijari
,,2022-03-24 01:51:11,Amnaa
,,2022-03-27 00:22:34,See u
,,2022-03-27 00:22:53, 2022-03-25 17:18:32: Â« Nruhusiwa kuolewa mke wa pili shekheğŸ˜‚ğŸ˜‚ Â»"
,,2022-03-28 16:03:03,ğŸ˜‚ğŸ˜‚ğŸ˜‚
,,2022-03-29 02:36:41,Nko bomba ni vp ww
,,2021-03-28 11:11:36,Boss
,,2021-03-28 11:11:59,Unakumbuka kadeni ketu ka ile flash? Elfu 50
,,2021-03-28 11:12:11,Boss nifanyie mpango wa kile kiasi nashida sana na pesağŸ˜“ğŸ˜“
,,2021-03-28 12:02:05,Mybe
,,2021-03-28 13:39:35,Aaah
,,2021-03-28 13:39:41,Nmejivuruga
,,2022-03-28 16:05:41,Over over tunahitaji msaada over
,,2022-03-31 03:38:37,ğŸ˜ğŸ‘ğŸ¾ğŸ‘ğŸ¾ğŸ¤²ğŸ¾
,,2022-03-31 03:38:42,Ahsante
,,2021-11-20 22:45:20,Powa
,,2021-11-25 14:24:20,Sawa
,,2021-11-26 20:03:29,Hata kesho sawa tuu
,,2021-11-28 11:42:26,Mambo vp
,,2021-11-28 11:42:30,Ulifanikiwa
,,2021-11-28 21:06:55,Nlilala rafikiyangu
,,2021-11-28 23:42:58,Ok
,,2021-11-28 23:43:08,Maelezo yepi
,,2021-11-29 16:11:47,Ok
,,2021-11-29 22:21:21,Taa
,,2021-11-29 22:21:26,Mauwa
,,2021-11-29 22:21:35,Pazia
,,2021-12-01 20:39:32,Sawa liz
,,2021-12-01 20:39:39,Vp zile za ngu
,,2021-12-02 23:37:36,I get it riz worry nah
,,2021-12-06 10:46:46,Liz mambo
,,2021-12-06 10:47:32,Ivi hawakukupa ki risiti pale wale jamaa
,,2021-12-07 23:09:15,We Bint
,,2021-12-07 23:11:08,Nakusikia
,,2021-12-07 23:12:24,Vpn washa
,,2021-12-08 13:16:45,Sawa mama
,,2021-12-12 21:10:36,Mpishi
,,2021-12-13 22:40:27,Aya
,,2021-12-24 06:37:16,Ok
,,2021-12-25 00:09:57,Pga huku
,,2021-12-25 00:10:03,Namba hii
,,2021-12-25 16:00:44,Now ndo naamka
,,2021-12-25 16:01:04,Call nw
,,2021-12-26 19:49:55,Mama
,,2021-12-26 19:49:58,Mambo
,,2021-12-26 19:50:22,Hey ukiamka ntakuomba unitumie tena zile karatasi za ile mizigo
,,2021-12-26 19:50:47,Cm yangu nmefuta wasap nmebadilisha cm
,,2021-12-26 19:51:09,Usiwaze anytime
,,2021-12-26 19:51:29,Mwambie io 6 nalipia mm
,,2022-01-02 17:45:49,Shukrani
,,2022-01-20 23:52:09,ğŸ¤£
,,2022-01-30 22:50:57,Mko room ipi
,,2022-01-30 22:51:34,Namba
,,2022-01-30 22:51:49,Ooh
,,2022-01-30 22:52:00,Nmeingia kwawatu kumbee
,,2022-01-30 22:53:10,201
,,2022-01-30 22:53:15,Nko nje hpa
,,2022-01-31 00:19:06,Nkuletee nn
,,2022-01-31 00:54:19,Misosi yote
,,2022-01-31 00:58:59,Hio tuagize mac kfc tuu
,,2022-01-31 00:59:13,Nmukula mayai ni mabaya
,,2022-01-31 00:59:54,Agiza mm nakuja
,,2022-01-31 02:31:53,Nakuja
,,2022-01-31 14:00:39,Dah nmejisahau nmetoka nao ngoja nigeuze
,,2022-01-31 14:00:59,Yes
,,2022-01-31 14:15:42,Nko DragonMart
,,2022-01-31 14:16:33,No ni mbali kidogo
,,2022-01-31 14:17:49,Ni mbali mama
,,2022-01-31 14:18:36,Mm natoka hapa saizi
,,2022-01-31 14:19:34,30
,,2022-01-31 14:19:51,Kuja ni km 45 dirham
,,2022-01-31 14:44:46,Niko na tax hapa
,,2022-01-31 15:54:19,Nko hapa
,,2022-01-31 21:10:21,Nmetoka
,,2022-01-31 21:10:30,Nakuja
,,2022-02-01 11:46:50,Okey sawa
,,2022-02-01 11:46:53,Mi nipoo
,,2022-02-01 14:36:02,Ni mbali sana
,,2022-02-01 14:57:32,So hupandi?
,,2022-03-07 17:50:07,ğŸ˜…
,,2022-03-09 01:05:59,Hey kabla siku haijaisha nikuwish happy womans day mama
,,2022-03-09 17:31:04,ğŸ‘ğŸ¾
,,2022-03-31 05:34:27,ğŸ¹
,,2022-04-02 17:24:29,ç°åœ¨æˆ‘è¦å»æŸä¸ªåœ°æ–¹æˆ‘ä¸‹æ¬¡è¿˜ä¼šå›æ¥
,,2022-04-02 13:17:17,Niaje
,,2022-04-02 13:17:26,Mzma
,,2022-04-02 13:17:37,Sorry nlilala
,,2022-04-02 15:08:00,Nambie
,,2022-04-02 15:11:15,N who is this
,,2022-04-02 15:39:46,??
,,2022-04-02 15:41:00,Umetoa namb yngu wapi coz namba ngeni
,,2022-04-02 15:41:20,Agness yupi?
,,2022-04-02 20:36:14,Ok
,,2022-03-19 13:14:49,Kijana inakuaje
,,2022-03-19 13:25:17,Kwema
,,2022-03-19 13:25:43,Oya kuna mzigo wangu uko sima hotel pale nataka uondoke imekaaje hpo
,,2022-03-19 16:17:00,4
,,2022-03-21 19:34:36,Oi
,,2022-03-21 19:34:47,Ulifanikiwa kuchukua mizigo mzee
,,2022-03-22 14:03:15,Kijana
,,2022-03-22 14:03:58,Powa tuu
,,2022-03-22 14:04:06, 2022-03-21 19:34:47: Â« Ulifanikiwa kuchukua mizigo mzee Â»"
,,2022-03-22 14:04:59,Meli si imesha ondoka sasa
,,2022-03-22 14:29:43,Oi
,,2022-03-22 14:30:37,Tajiri ungenambia huwezi ungekuwa umenisaidia sana coz ngetafuta mtu mwngne ambae angeufata chap
,,2022-04-02 23:34:23,Mzee nnamzgo mngne pale sima hotel
,,2022-04-03 15:19:26,Sawa
,,2022-04-03 22:18:51,Broo
,,2022-04-03 22:19:02,Send here the photos
,,2022-03-29 02:36:58,Ujambo
,,2022-03-29 02:37:17,Nmeonatext zako
,,2022-03-29 09:58:07,Salama mbeya vp
,,2022-03-30 01:09:15, 2022-03-29 17:08:27: Â« Sipo mbeya kaka nipo dar Â»"
,,2022-03-30 01:09:21, 2022-03-29 17:08:28: Â« Kaka nataka simu Â»"
,,2022-03-30 01:09:46,Mimi nipo dubai tokea mwez wa 1
,,2022-03-30 13:10:39,Sawa
,,2022-03-30 13:14:59,Mwez ujao
,,2022-03-30 13:20:01,Wa nne mwshon
,,2022-03-30 14:24:43,Yes
,,2022-03-30 14:56:42,Infinix huwa siuzagi
,,2022-03-30 14:56:54,Kabisa na tecno
,,2022-03-30 16:42:56,Ungewapigia shop ile namba uwaulize zimebaki simu zipi pale
,,2022-03-30 16:44:32,Huku mm nauza simu kubwa tuu kuanzia laki 5 kuenda juu
,,2022-03-30 16:44:40,Izi ndogo siuzagi
,,2022-03-30 16:45:16,Sio nauza bei nauza simu kubwa
,,2022-03-30 16:56:18,Siuz tecno
,,2022-03-30 17:04:31,Dar unaishi kwa nani?
,,2022-03-30 17:06:14,Unafnya kazi?
,,2022-03-30 17:07:48,Umekuja dar kuajili hio au?
,,2022-04-05 20:44:57,Hi
,,2021-12-13 22:28:37,Abee kubwa
,,2022-02-14 20:47:34,Happy valentines
,,2022-03-22 12:21:12,ğŸ™„
,,2022-04-07 23:04:38,ğŸ™„
,,2022-04-07 23:05:01,ğŸ™„
,,2021-04-30 03:06:57,Kechenipatini
,,2021-04-30 03:07:33,Ntumie nikupe bichwa kijana
,,2021-04-30 03:08:43, 2021-04-30 03:08:37: Â« Juma mosi usikosee Â»"
,,2021-05-01 01:34:38,Nakbuka kaka
,,2021-08-25 10:05:19,ğŸ˜…ğŸ˜…
,,2022-01-07 11:57:46,Naam
,,2022-01-29 18:17:34,Heeeh
,,2022-03-27 00:21:34,Tajiri
,,2022-04-08 02:51:54,Ijee
,,2022-04-08 09:46:36,Okey
,,2022-04-08 10:28:43,Who r u?
,,2022-04-08 10:29:44,And why me
,,2022-04-10 02:53:41,Naam
,,2022-04-10 02:53:50,Nambie
,,2022-04-10 02:54:24,Okey
,,2022-04-10 02:54:58,Powaa
,,2022-03-27 07:32:41,Hi
,,2022-03-27 07:32:57,Nmekupta
,,2022-03-27 07:33:02,Nan nsave
,,2022-02-08 21:31:23,Shikamoo mjomba
,,2022-02-08 21:33:38,"Aaah ivo viti ni viti tuu vilikuwa pale ofisini so nimewapa tuu ila haikuwa kuajili ya nyumbani
,,2022-02-08 21:34:43,Kingene nikifanya ivo itaonekana km nasapoti wao kuishi kwenye nyumba ya kupanga hivyo watajisahau na kuishi maisha kama wapo kwao.
,,2022-02-08 21:37:24,"Niko nawawazia kuwatafutia sehemu ya kukaa ila nakuomba usiwaambie wasije waka relax na wao waache kutafuta
